title,slug,type,topic_slug,parent_slug,excerpt,content,status,author,read_time_minutes,featured,icon_emoji
Preparing for Your Operation,preparing-for-your-operation,article,pre-surgery,general-surgery,A complete guide to preparing yourself before surgery including fasting instructions and what to bring to hospital.,"<p>Preparing well for your operation helps ensure it goes smoothly and reduces your risk of complications. Your surgical team will give you specific instructions but this guide covers the general principles that apply to most planned procedures.</p><h2>Fasting Instructions</h2><p>Most operations requiring a general anaesthetic require you to fast beforehand. You should have nothing to eat for at least six hours before your operation. You can usually drink clear fluids (water, black tea or coffee without milk) up to two hours before. Follow your specific pre-admission letter exactly - instructions vary by anaesthetic type.</p><h2>Medications</h2><p>Tell your surgical team about all medications you take including over-the-counter medicines, supplements and herbal remedies. Some medications must be stopped before surgery (certain blood thinners, diabetic medications, NSAIDs). Do not stop any prescribed medication without specific instructions from your surgical team.</p><h2>What to Bring</h2><p>Bring your pre-admission paperwork and any letters from your consultant. Bring a list of all your current medications with dosages. Bring comfortable loose clothing for after the operation. Leave valuables at home. Bring your reading glasses if you use them since you will need to sign consent forms.</p><ul><li>Remove nail varnish from fingers and toes before admission</li><li>Do not apply creams, lotions or perfume on the day</li><li>Arrange for someone to collect you - you cannot drive after a general anaesthetic</li><li>Arrange for an adult to stay with you for the first 24 hours at home</li></ul>",published,Clinical Information Team,10,1,📋
What to Expect on the Day of Your Operation,what-to-expect-day-of-surgery,article,pre-surgery,general-surgery,A walkthrough of what happens from admission through to surgery including what each stage involves.,"<p>Knowing what to expect on the day of your operation reduces anxiety and helps you feel in control. Here is what typically happens from the moment you arrive at the hospital.</p><h2>Admission and Pre-Assessment</h2><p>You will be admitted to a ward or day surgery unit. A nurse will check your observations (blood pressure, heart rate, temperature, oxygen levels), confirm your medication history and check you have fasted as instructed. Your anaesthetist and surgeon will visit to confirm the procedure, answer your questions and ask you to sign consent forms.</p><h2>The Anaesthetic</h2><p>If you are having a general anaesthetic, you will be taken to the anaesthetic room adjoining the operating theatre. The anaesthetist will insert a cannula (thin plastic tube) into your vein and administer the anaesthetic drugs. You will lose consciousness within seconds and will not be aware of anything during the operation.</p><h2>In the Recovery Room</h2><p>When the operation is complete you will be taken to the recovery room where specialist nurses monitor your vital signs as the anaesthetic wears off. You may feel groggy, cold, nauseous or experience some pain. The team will manage any discomfort before returning you to the ward.</p><ul><li>Ask any questions you have before signing consent</li><li>Tell your team about any allergies or previous reactions to anaesthetic</li><li>You will be kept nil-by-mouth until you are fully awake after a general anaesthetic</li><li>Most people can eat and drink within a few hours of a straightforward procedure</li></ul>",published,Clinical Information Team,9,0,📋
Your Pre-Assessment Clinic Appointment,pre-assessment-clinic-guide,article,pre-surgery,general-surgery,What happens at a pre-assessment clinic and why it is an important part of your surgical preparation.,"<p>A pre-assessment clinic appointment takes place before your planned operation. It is an opportunity for the team to check your health, review your medications and identify anything that might affect your surgery or anaesthetic.</p><h2>What Happens at Pre-Assessment</h2><p>A specialist nurse will take a detailed medical history, ask about previous anaesthetics and surgeries, review your current medications and carry out basic health checks (ECG, blood tests, blood pressure, lung function). They will explain what to expect before, during and after your operation and answer your questions.</p><h2>Why Pre-Assessment Matters</h2><p>Pre-assessment allows the team to identify and address any health issues that could increase your surgical risk. Optimising blood pressure, blood glucose, stopping smoking or adjusting medications before surgery significantly improves outcomes. Identifying issues at this stage prevents cancellations on the day.</p><ul><li>Bring a complete list of all medications including supplements</li><li>Tell the team about any recent illness or changes in your health</li><li>Ask about what to do with each of your regular medications before surgery</li><li>This is the best time to ask questions about the procedure and recovery</li></ul>",published,Clinical Information Team,8,0,📋
Recovering at Home After Surgery,recovering-at-home,article,post-surgery,general-surgery,Essential advice for a safe and comfortable recovery at home following your operation.,"<p>Going home after surgery is an important milestone, but the recovery period requires careful attention to wound care, activity levels and watching for warning signs. This guide helps you recover safely and comfortably.</p><h2>Wound Care</h2><p>Keep your wound clean and dry as instructed by your surgical team. Most surgical wounds are closed with dissolvable stitches, surgical staples or adhesive strips. Your discharge letter will specify when and how to clean the wound, when you can get it wet and whether you need a wound check appointment.</p><h2>Managing Pain at Home</h2><p>Some discomfort is normal after surgery. Take pain relief as prescribed and at regular intervals rather than waiting until pain is severe. A combination of paracetamol and ibuprofen (if suitable for you) manages post-operative pain effectively for most people. Do not stop prescribed medications without advice.</p><h2>Returning to Activity</h2><p>Follow your specific discharge instructions about when you can return to different activities. General guidance: light activity as soon as you feel able; driving only when you can perform an emergency stop safely; return to work depends on the nature of your job and the operation. Avoid heavy lifting until your surgeon advises it is safe.</p><ul><li>Seek urgent medical advice if you develop fever above 38 degrees, increasing pain, swelling or discharge from your wound</li><li>Attend all follow-up appointments</li><li>Rest when you need to - recovery is not linear</li><li>Eat well and stay hydrated to support healing</li></ul>",published,Clinical Information Team,12,1,🏠
Warning Signs After Surgery,warning-signs-after-surgery,article,post-surgery,general-surgery,Which symptoms after surgery require urgent medical attention and what to do.,"<p>Most people recover from surgery without complications. However, it is important to know which symptoms should prompt you to seek urgent medical advice rather than waiting for a scheduled follow-up appointment.</p><h2>Signs of Wound Infection</h2><p>Increasing redness, warmth or swelling around the wound, discharge (especially if thick, yellow or green), increasing rather than improving pain, and fever (temperature above 38 degrees Celsius) are all signs of possible wound infection. Contact your ward, GP or call 111 promptly. Do not wait.</p><h2>Signs of Blood Clot (DVT or PE)</h2><p>After surgery, particularly lower limb or pelvic surgery, there is a risk of deep vein thrombosis (DVT) and pulmonary embolism (PE). Signs of DVT include calf pain, swelling and redness in one leg. Signs of PE include sudden breathlessness, chest pain, coughing up blood or a fast heart rate. These are medical emergencies - call 999 immediately.</p><h2>Other Urgent Symptoms</h2><p>Sudden severe abdominal pain, difficulty breathing, chest pain, collapse or unconsciousness, inability to pass urine for more than 12 hours, or any symptom that seriously concerns you should prompt immediate contact with emergency services or your surgical ward directly.</p><ul><li>Keep your ward telephone number accessible after discharge</li><li>Call 999 for chest pain or difficulty breathing</li><li>Call 111 if unsure whether your symptoms need urgent attention</li><li>Do not wait for routine appointments if you have a new concerning symptom</li></ul>",published,Clinical Information Team,10,0,🏠
Understanding Day Surgery,understanding-day-surgery,article,day-surgery,general-surgery,What day surgery means what to expect and how to prepare for a same-day procedure.,"<p>Day surgery means you are admitted and discharged on the same day as your operation. It is now the most common type of surgical admission in the UK. Modern anaesthetic and surgical techniques mean many procedures that previously required overnight stays can safely be done as day cases.</p><h2>Are You Suitable for Day Surgery?</h2><p>Most people are suitable for day surgery if they have a responsible adult to take them home and stay with them for 24 hours, and if their home environment is suitable for recovery. Some medical conditions (poorly controlled diabetes, severe heart or lung disease) may mean an overnight stay is safer. Your pre-assessment team will advise.</p><h2>On the Day</h2><p>Arrive at your designated time and expect to be at the hospital for several hours including preparation, surgery and recovery time. Recovery from day surgery anaesthetics is carefully managed to ensure you are fully awake, comfortable and safe before discharge. Your nurse will go through discharge instructions with you and your carer before you leave.</p><ul><li>You must not drive, operate machinery or make legal decisions for 24 hours after a general anaesthetic</li><li>Do not travel alone - your escort must be present at discharge</li><li>Have pain relief available at home before your procedure</li><li>Follow all wound care and activity instructions given at discharge</li></ul>",published,Clinical Information Team,9,0,🌅
Understanding Your Heart Condition,understanding-your-heart-condition,article,heart-conditions,cardiology,An introduction to the most common heart conditions and what they mean for patients.,"<p>Receiving a diagnosis of a heart condition can be frightening, but most heart conditions are very manageable with the right treatment and lifestyle changes. Understanding your diagnosis is the first step towards living well with it.</p><h2>Coronary Heart Disease</h2><p>Coronary heart disease (CHD) occurs when the arteries supplying the heart muscle become narrowed by a build-up of fatty deposits (atherosclerosis). This can cause angina (chest pain on exertion) and heart attacks. Treatment includes medications, lifestyle changes and in some cases coronary angioplasty or bypass surgery.</p><h2>Heart Failure</h2><p>Heart failure does not mean the heart has stopped. It means the heart is not pumping as effectively as it should be. Symptoms include breathlessness, fatigue and ankle swelling. It can be caused by previous heart attacks, high blood pressure or valve disease. Medication, lifestyle changes and cardiac rehabilitation significantly improve both symptoms and life expectancy.</p><h2>Atrial Fibrillation</h2><p>Atrial fibrillation (AF) is an irregular, often rapid heart rhythm. It increases the risk of stroke significantly. Treatment includes medications to control heart rate and rhythm, and anticoagulants to reduce stroke risk. Many people with AF live normal, full lives with appropriate treatment.</p><ul><li>Attend all follow-up appointments with your cardiologist</li><li>Know your medications and why you take them</li><li>Cardiac rehabilitation is highly effective if offered - attend every session</li><li>Lifestyle changes (not smoking, exercise, diet) improve outcomes for all heart conditions</li></ul>",published,Clinical Information Team,12,1,❤️
Living with Heart Failure,living-with-heart-failure,article,heart-conditions,cardiology,Practical guidance for patients living with heart failure including monitoring symptoms and self-management.,"<p>Living well with heart failure is possible with the right self-management strategies. The goal is to reduce symptoms, prevent deterioration and avoid hospital admissions. This guide covers the key strategies.</p><h2>Daily Weight Monitoring</h2><p>Weigh yourself every morning after using the toilet and before eating, wearing similar clothing. Record the weight. A gain of more than 2 kg in two days or 3 kg in a week often indicates fluid retention and should prompt you to contact your heart failure nurse or GP before it becomes serious enough to require hospitalisation.</p><h2>Fluid and Salt Restriction</h2><p>Your cardiologist may advise limiting fluid intake to 1.5 to 2 litres per day. Reducing salt intake is important for almost all heart failure patients. Excess salt causes fluid retention which makes the heart work harder and worsens breathlessness. Read labels and choose low-sodium options.</p><ul><li>Take your medications exactly as prescribed - never stop without advice</li><li>Know your target weight and contact your team if you are outside it</li><li>Attend your heart failure clinic appointments regularly</li><li>Gentle, regular exercise approved by your team improves symptoms and quality of life</li></ul>",published,Clinical Information Team,10,0,❤️
Understanding Cardiac Tests and Procedures,understanding-cardiac-tests,article,cardiac-procedures,cardiology,What to expect from common cardiac investigations including ECG angiogram and echocardiogram.,"<p>If you have been referred for cardiac tests or procedures, understanding what is involved helps reduce anxiety and ensures you prepare correctly. Here is an overview of the most common investigations.</p><h2>ECG (Electrocardiogram)</h2><p>An ECG records the electrical activity of your heart. Sticky electrodes are placed on your chest, arms and legs and connected to a machine. The test is entirely painless and takes around 10 minutes. It detects abnormal heart rhythms, signs of a previous heart attack and other cardiac abnormalities.</p><h2>Echocardiogram</h2><p>An echocardiogram is an ultrasound scan of the heart. A probe is placed on your chest and uses sound waves to create an image of the heart beating. It shows the heart's structure and how well it is pumping. The test is painless and takes around 45 minutes. No preparation is usually required.</p><h2>Coronary Angiogram</h2><p>A coronary angiogram examines the blood vessels supplying the heart. A thin tube (catheter) is inserted into a blood vessel in your wrist or groin and guided to the coronary arteries. Contrast dye is injected and X-ray images are taken. If narrowings are found, angioplasty (stenting) may be performed at the same time. The procedure takes 30 to 60 minutes under local anaesthetic.</p><ul><li>Follow all preparation instructions specific to each test</li><li>Ask your cardiologist what the test results will mean for your management</li><li>Bring a list of all your medications to every investigation appointment</li><li>Most cardiac tests are performed as outpatients with no overnight stay required</li></ul>",published,Clinical Information Team,11,0,🩺
Cardiac Rehabilitation,cardiac-rehabilitation,article,cardiac-procedures,cardiology,What cardiac rehabilitation is why it matters and what to expect from a programme.,"<p>Cardiac rehabilitation (cardiac rehab) is a structured programme of exercise, education and psychological support offered to people who have had a heart attack, heart surgery or been diagnosed with heart failure. Research consistently shows it reduces the risk of further heart attacks and improves quality of life.</p><h2>What a Programme Includes</h2><p>A typical cardiac rehab programme runs for six to eight weeks and includes supervised exercise sessions (usually twice per week), education sessions on heart disease, medications, diet and risk factor management, and psychological support to manage anxiety and depression - which are very common after a heart event.</p><h2>The Benefits</h2><p>Attending cardiac rehab reduces the risk of a further heart attack by up to 20-25%. It improves exercise tolerance, reduces symptoms, improves psychological wellbeing and helps people return to work and normal activities sooner. Yet less than half of eligible patients attend. If you are offered it, go.</p><ul><li>Cardiac rehab is offered free on the NHS to eligible patients</li><li>Ask your cardiologist or GP for a referral if you have not been offered it</li><li>Bring comfortable exercise clothing and appropriate footwear</li><li>The programme is tailored to your individual capacity - you will not be pushed beyond safe limits</li></ul>",published,Clinical Information Team,10,0,🩺
Preparing for Hip or Knee Replacement,preparing-for-joint-replacement,article,knee-hip,orthopaedics,What to do in the weeks before your hip or knee replacement operation.,"<p>A hip or knee replacement is a major operation and good preparation makes a significant difference to your recovery. These steps will help you get ready in the weeks and days before your surgery.</p><h2>Prehabilitation</h2><p>Prehabilitation means exercising and strengthening the muscles around your joint before surgery. Even a few weeks of targeted exercises significantly improves post-operative recovery. Your physiotherapy team may provide a prehabilitation programme. Swimming, cycling and gentle exercise in a pool are ideal if walking is painful.</p><h2>Preparing Your Home</h2><p>Before you come in for surgery, prepare your home for your return. Arrange for someone to be with you for at least the first week. Remove trip hazards (rugs, trailing cables). Consider a raised toilet seat, bed raisers and grab rails. Place frequently used items at waist height to avoid bending or reaching. Prepare and freeze meals in advance.</p><h2>What to Bring to Hospital</h2><p>Bring loose, comfortable clothing with elasticated waists. Bring well-fitting flat shoes (not slippers) as you will be walking with crutches or a frame. Bring your medication list and any splints or aids you currently use.</p><ul><li>Stop smoking at least 6 weeks before surgery - it significantly improves healing</li><li>Aim to be as fit and strong as possible before the operation date</li><li>Lose weight if your surgeon has advised it - even small reductions improve outcomes</li><li>Arrange practical help at home for at least two weeks post-operatively</li></ul>",published,Clinical Information Team,11,1,🦵
Recovering from Hip Replacement,recovering-from-hip-replacement,article,knee-hip,orthopaedics,A guide to what recovery from total hip replacement looks like week by week.,"<p>Most people make an excellent recovery from hip replacement surgery and are walking with aids by the next day. Here is what to expect week by week during the recovery process.</p><h2>Days 1 to 3: Early Mobility</h2><p>Your physiotherapist will help you stand and walk with a frame or crutches the day after surgery. This early mobility is essential for preventing blood clots and beginning your recovery. You will be shown hip precautions - specific movements to avoid to prevent dislocation. These are critically important to follow.</p><h2>Weeks 1 to 6: Gradual Recovery</h2><p>Pain and swelling are normal and will improve week by week. Continue your home exercises daily. Use your walking aids as instructed and gradually reduce them as strength returns. Most people are walking without aids after 4 to 6 weeks. Avoid driving until your surgeon confirms it is safe, usually at the 6-week review.</p><h2>Weeks 6 to 12 and Beyond</h2><p>Most people can return to light work at 6 weeks, more physical jobs at 12 weeks or later. Swimming and cycling can usually be resumed at 6 weeks. Sports with impact or twisting (tennis, running) usually require 3 to 6 months of recovery. Your full recovery may take up to 12 months.</p><ul><li>Do all prescribed exercises daily - consistency determines your outcome</li><li>Attend all physiotherapy appointments</li><li>Follow hip precautions exactly as instructed</li><li>Report any sudden increase in pain, fever, or wound changes to your surgical team immediately</li></ul>",published,Clinical Information Team,13,1,🦵
Fracture Care and Recovery,fracture-care-and-recovery,article,fractures,orthopaedics,What to expect after a fracture including cast care and the stages of bone healing.,"<p>A fracture (broken bone) can be a painful and worrying experience. Understanding the healing process and how to care for your fracture properly helps your bone heal correctly and reduces the risk of complications.</p><h2>Types of Fracture Treatment</h2><p>Not all fractures require surgery. Many fractures are treated conservatively with a plaster cast, fibreglass cast or splint to hold the bone in the correct position while it heals. More complex or displaced fractures may require surgery to fix the bone with plates, screws, rods or pins.</p><h2>Cast Care</h2><p>Keep your cast clean and dry. Never poke objects inside to scratch - you may damage the skin and cause infection. Do not rest the cast on hard surfaces for prolonged periods as this can distort its shape. Elevate the limb to reduce swelling. Contact the fracture clinic if your cast feels too tight, if your fingers or toes become discoloured, very cold or numb, or if a new pain develops inside the cast.</p><h2>The Stages of Bone Healing</h2><p>Bone healing occurs in overlapping phases: inflammatory phase (days 1-5, pain and swelling), repair phase (weeks 2-6, soft callus forms), remodelling phase (months 2-12, hard bone replaces the callus). The total healing time depends on the bone, patient age, nutritional status and whether the fracture was surgically fixed.</p><ul><li>Eat a calcium-rich diet and ensure adequate Vitamin D to support bone healing</li><li>Do not smoke - smoking significantly delays bone healing</li><li>Follow all weight-bearing instructions precisely</li><li>Attend all fracture clinic appointments as scheduled</li></ul>",published,Clinical Information Team,10,0,🦴
Your Guide to Physiotherapy,your-guide-to-physiotherapy,article,physiotherapy,orthopaedics,What physiotherapy is what to expect from sessions and how to get the most from your treatment.,"<p>Physiotherapy uses movement, exercise and physical techniques to help people recover from injury, surgery or illness, manage long-term conditions and prevent future problems. Here is what to expect and how to get the most from your physiotherapy care.</p><h2>Your First Appointment</h2><p>Your physiotherapist will take a detailed history of your condition, carry out a physical assessment and discuss your goals and expectations. They will explain their findings, give you a diagnosis if appropriate, and agree a treatment plan with you. This first appointment is usually the longest.</p><h2>What Treatment Involves</h2><p>Physiotherapy treatment is highly individualised. It may include therapeutic exercises (the most important component), manual therapy (joint mobilisation, manipulation, soft tissue work), electrotherapy, acupuncture and education about your condition and how to manage it. Home exercises are almost always central to the programme.</p><h2>Getting the Most from Your Treatment</h2><p>Physiotherapy outcomes are directly related to patient engagement. Doing your home exercises consistently, attending all appointments, communicating openly about what is and is not working, and setting clear realistic goals all significantly improve results. Be patient - most musculoskeletal conditions improve gradually over weeks to months.</p><ul><li>Do your home exercises every day - this is where most of the benefit comes from</li><li>Tell your physiotherapist if your symptoms change significantly between sessions</li><li>Ask about what you can and cannot do between sessions</li><li>A good physiotherapist will aim to make themselves unnecessary over time</li></ul>",published,Clinical Information Team,10,0,🤸
Your Antenatal Care Guide,your-antenatal-care-guide,article,antenatal,maternity,A guide to the antenatal care appointments and tests you can expect during your pregnancy.,"<p>Antenatal care refers to the healthcare and support you receive throughout your pregnancy. The NHS offers a structured programme of appointments, scans and tests designed to monitor your health and your baby's wellbeing from early pregnancy through to birth.</p><h2>Your Booking Appointment</h2><p>Your first midwife appointment (the booking appointment) usually takes place between 8 and 10 weeks of pregnancy. It is the longest appointment and covers your full medical history, lifestyle and social circumstances. Blood tests are taken to check blood group, anaemia, infection status and chromosomal conditions. You will be given information about vitamins, lifestyle and the appointments ahead.</p><h2>Scans</h2><p>You will be offered a 12-week scan (nuchal translucency scan) which checks the baby's development and screens for Down syndrome. The 20-week anomaly scan checks the baby's anatomy and growth in detail. Some women are offered additional scans for growth or wellbeing monitoring if there are risk factors.</p><h2>Ongoing Appointments</h2><p>You will be offered appointments with your midwife approximately every four weeks in early pregnancy, increasing in frequency in the third trimester. Each appointment checks your blood pressure, urine, fundal height (bump measurement) and baby's heartbeat, and addresses any questions or concerns you have.</p><ul><li>Take folic acid 400 mcg daily until 12 weeks</li><li>Take Vitamin D 10 mcg daily throughout pregnancy</li><li>Attend all appointments - they are designed to detect problems early</li><li>Write down questions between appointments so you do not forget them</li></ul>",published,Clinical Information Team,12,1,🤰
What to Expect During Labour and Birth,what-to-expect-during-labour,article,labour-birth,maternity,A guide to the stages of labour and what to expect when you come in to have your baby.,"<p>Labour and birth can feel daunting, particularly for first-time parents. Understanding what to expect at each stage reduces anxiety and helps you feel more in control. Birth is unpredictable, but being prepared makes a significant difference.</p><h2>Recognising the Start of Labour</h2><p>Labour begins with regular, rhythmical contractions that increase in frequency, duration and intensity over time. You may also experience a show (a pink or blood-tinged mucus plug) or your waters breaking. If your contractions are more than five minutes apart in early labour, most women can stay at home and rest. Contact your maternity unit if you are unsure, in pain, if your waters break or if there is any bleeding.</p><h2>The Three Stages of Labour</h2><p>The first stage involves the cervix dilating from 0 to 10 cm. This is the longest part of labour, particularly for first-time mothers. The second stage begins when the cervix is fully dilated and ends with the birth of the baby. The third stage is the delivery of the placenta, which usually takes 15 to 30 minutes.</p><h2>Pain Relief Options</h2><p>You can choose from a range of pain relief options including gas and air (Entonox), TENS machine (most effective in early labour), opioid injections (diamorphine or pethidine), and epidural (the most effective option for complete pain relief). You do not need to commit to a plan in advance - your needs may change during labour.</p><ul><li>Write a birth plan but remain flexible - labour is unpredictable</li><li>Bring a birth partner for continuous support throughout</li><li>Pack your hospital bag by 36 weeks</li><li>Trust your midwife team - they are experts in supporting normal birth</li></ul>",published,Clinical Information Team,14,1,👶
Making the Most of Your Outpatient Appointment,making-most-of-outpatient-appointment,article,your-appointment,outpatients,How to prepare for your outpatient consultation and get the most from your time with the consultant.,"<p>An outpatient appointment with a specialist consultant is a valuable opportunity to discuss your symptoms, understand your diagnosis and agree a management plan. Making the most of your time ensures you leave with the information and next steps you need.</p><h2>Preparing for Your Appointment</h2><p>Write down your main symptoms including when they started, what makes them better or worse, and how they affect your daily life. Bring a complete list of all medications and their dosages. Write down your questions in order of priority so the most important ones get answered even if time is short.</p><h2>During Your Appointment</h2><p>Be as specific as possible when describing your symptoms. If you do not understand something, ask the consultant to explain it differently. It is entirely reasonable to ask why a test or treatment is being recommended. If you would like a friend or family member to accompany you for support or to help remember information, this is usually welcomed.</p><h2>After Your Appointment</h2><p>A clinic letter summarising the appointment will usually be sent to your GP. Keep a copy for your records. If you are given new medication, ensure you understand what it is for and any side effects to watch for. If you have further questions after the appointment, contact the consultant's secretary.</p><ul><li>Write down key information during the appointment or ask if you can record it on your phone</li><li>Make sure you know what happens next: investigations, further appointments, referrals</li><li>Ask about the timeframe for results and how you will be informed</li><li>Do not be afraid to ask questions - there is no such thing as a stupid question</li></ul>",published,Clinical Information Team,10,0,📅
Understanding Common Tests and Investigations,understanding-common-tests,article,tests-investigations,outpatients,What to expect from blood tests X-rays MRI scans and other common investigations.,"<p>Being sent for tests or investigations can cause anxiety, particularly if you do not know what they involve. This guide explains what the most common tests involve, how to prepare and how results are communicated.</p><h2>Blood Tests</h2><p>Blood tests are the most common type of investigation. A healthcare professional takes a small sample of blood from a vein in your arm. Results are usually available within a few days. Your GP or consultant will interpret your results in the context of your symptoms and health history rather than simply comparing to reference ranges.</p><h2>Imaging: X-ray, Ultrasound and CT</h2><p>X-rays use radiation to produce images of bones and some soft tissues. They are quick and painless. Ultrasound uses sound waves (no radiation) to produce images of soft tissue structures. CT (computed tomography) scans produce detailed cross-sectional images using X-rays; they are more detailed than plain X-rays but deliver more radiation. You will be asked about allergies and medications before CT scans requiring contrast dye.</p><h2>MRI (Magnetic Resonance Imaging)</h2><p>MRI uses a powerful magnetic field and radio waves (no radiation) to produce highly detailed images of soft tissues, joints and organs. The scan involves lying still inside a large tube for 20-60 minutes. It can be noisy. Tell the department beforehand if you have any metal implants, pacemakers or claustrophobia.</p><ul><li>Follow all preparation instructions for your specific test</li><li>Bring a list of medications to any imaging appointment requiring contrast</li><li>Ask how and when your results will be communicated to you</li><li>Ask what the next step will be depending on the results</li></ul>",published,Clinical Information Team,11,0,🔬
